{"cameraMode":{"drawMode":0,"name":"Shaded","section":"Shading Mode"},"sceneLighting":true,"audioPlay":false,"sceneViewState":{"m_AlwaysRefresh":false,"showFog":true,"showSkybox":true,"showFlares":true,"showImageEffects":true,"showParticleSystems":true,"showVisualEffectGraphs":true,"m_FxEnabled":true},"in2DMode":false,"pivot":{"x":2.730634927749634,"y":0.3041016757488251,"z":1.0910990238189698},"rotation":{"x":0.030649788677692415,"y":0.26545804738998415,"z":-0.008498909883201123,"w":0.9636240005493164},"size":5.186711311340332,"orthographic":false}