{"cameraMode":{"drawMode":0,"name":"Shaded","section":"Shading Mode"},"sceneLighting":false,"audioPlay":false,"sceneViewState":{"m_AlwaysRefresh":false,"showFog":true,"showSkybox":true,"showFlares":true,"showImageEffects":true,"showParticleSystems":true,"showVisualEffectGraphs":true,"m_FxEnabled":true},"in2DMode":false,"pivot":{"x":55.778114318847659,"y":-34.807159423828128,"z":43.70660400390625},"rotation":{"x":0.20892761647701264,"y":0.46479514241218569,"z":-0.11407399922609329,"w":0.8529829382896423},"size":48.89097213745117,"orthographic":false}