{"cameraMode":{"drawMode":0,"name":"Shaded","section":"Shading Mode"},"sceneLighting":true,"audioPlay":false,"sceneViewState":{"m_AlwaysRefresh":false,"showFog":true,"showSkybox":true,"showFlares":true,"showImageEffects":true,"showParticleSystems":true,"showVisualEffectGraphs":true,"m_FxEnabled":true},"in2DMode":false,"pivot":{"x":0.07654067128896713,"y":-5.122724533081055,"z":9.119682312011719},"rotation":{"x":0.4687008261680603,"y":-0.0010657046223059297,"z":0.0005249813548289239,"w":0.8833779096603394},"size":4.723562240600586,"orthographic":false}