{"cameraMode":{"drawMode":0,"name":"Shaded","section":"Shading Mode"},"sceneLighting":false,"audioPlay":false,"sceneViewState":{"m_AlwaysRefresh":false,"showFog":true,"showSkybox":true,"showFlares":true,"showImageEffects":true,"showParticleSystems":true,"showVisualEffectGraphs":true,"m_FxEnabled":true},"in2DMode":false,"pivot":{"x":29.961267471313478,"y":-1.617112398147583,"z":28.590173721313478},"rotation":{"x":-0.058389510959386829,"y":-0.38531169295310976,"z":0.02437550015747547,"w":-0.9206899404525757},"size":26.806594848632814,"orthographic":false}